# Домашнее задание к занятию "6.3. MySQL"

## Задача 1



```bash
tim@tim-VirtualBox:~$ docker run -ti --name=mysql-docker -e MYSQL_ROOT_PASSWORD=mysql -v volmysql:/var/lib/mysql
-v volBackup:/var/lib/mysql_backup -d mysql:8.0
tim@tim-VirtualBox:~$ docker cp test_dump.sql mysql-docker:/tmp
tim@tim-VirtualBox:~$ docker exec -it mysql-docker bash
root@4e338d0554ea:/tmp# mysql -u root -p test_db < /tmp/test_dump.sql
Enter password:
root@4e338d0554ea:/tmp# mysql -u root -p
Enter password:

mysql> \s
--------------
mysql  Ver 8.0.28 for Linux on x86_64 (MySQL Community Server - GPL)

Connection id:          12
Current database:
Current user:           root@localhost
SSL:                    Not in use
Current pager:          stdout
Using outfile:          ''
Using delimiter:        ;
Server version:         8.0.28 MySQL Community Server - GPL
Protocol version:       10
Connection:             Localhost via UNIX socket
Server characterset:    utf8mb4
Db     characterset:    utf8mb4
Client characterset:    latin1
Conn.  characterset:    latin1
UNIX socket:            /var/run/mysqld/mysqld.sock
Binary data as:         Hexadecimal
Uptime:                 10 min 25 sec

Threads: 2  Questions: 41  Slow queries: 0  Opens: 139  Flush tables: 3  Open tables: 57  Queries per second avg: 0.065
--------------
mysql> use test_db
Reading table information for completion of table and column names
You can turn off this feature to get a quicker startup with -A

Database changed
mysql> SELECT COUNT(*) FROM orders WHERE price > 300;
+----------+
| COUNT(*) |
+----------+
|        1 |
+----------+
1 row in set (0.00 sec)

````


## Задача 2

```bash
mysql> CREATE USER 'test'@'localhost'
    -> IDENTIFIED WITH mysql_native_password BY 'test-pass'
    -> PASSWORD EXPIRE INTERVAL 180 DAY
    -> FAILED_LOGIN_ATTEMPTS 3
Query OK, 0 rows affected (0.12 sec)

mysql> ALTER USER 'test'@'localhost' ATTRIBUTE '{"fname":"James", "lname":"Pretty"}';
Query OK, 0 rows affected (0.01 sec)

mysql> ALTER USER 'test'@'localhost' WITH MAX_QUERIES_PER_HOUR 100;
Query OK, 0 rows affected (0.12 sec)

mysql> GRANT SELECT ON `test_db`.* TO 'test'@'localhost';
Query OK, 0 rows affected, 1 warning (0.27 sec)

mysql> SELECT * FROM INFORMATION_SCHEMA.USER_ATTRIBUTES WHERE USER='test'
    -> ;
+------+-----------+---------------------------------------+
| USER | HOST      | ATTRIBUTE                             |
+------+-----------+---------------------------------------+
| test | localhost | {"fname": "James", "lname": "Pretty"} |
+------+-----------+---------------------------------------+
1 row in set (0.26 sec)
```

## Задача 3


```bash
mysql> SELECT TABLE_NAME,
    ->        ENGINE
    -> FROM   information_schema.TABLES
    -> WHERE  TABLE_SCHEMA = 'test_db';
+------------+--------+
| TABLE_NAME | ENGINE |
+------------+--------+
| orders     | InnoDB |
+------------+--------+
1 row in set (0.00 sec)

mysql> use test_db;
mysql> show profiles;
+----------+------------+------------------------------------------------------------------------------------------------------+
| Query_ID | Duration   | Query                                                                                                |
+----------+------------+------------------------------------------------------------------------------------------------------+
|        6 | 0.00015975 | ALTER TABLE 'orders' ENGINE = MyISAM                                                                 |
|        7 | 0.00013775 | ALTER TABLE orders ENGINE = MyISAM                                                                   |
|        8 | 0.00008825 | ALTER TABLE orders ENGINE = MyISAM                                                                   |
|        9 | 0.00383750 | SELECT table_schema,table_name,engine FROM information_schema.tables WHERE table_schema = DATABASE() |
|       10 | 0.00083675 | SELECT table_schema,table_name,engine FROM information_schema.tables WHERE table_schema = test_db    |
|       11 | 0.00513250 | SELECT table_schema,table_name,engine FROM information_schema.tables WHERE table_schema = 'test_db'  |
|       12 | 0.00032975 | SET profiling = 1                                                                                    |
|       13 | 0.00007350 | ALTER TABLE orders ENGINE = MyISAM                                                                   |
|       14 | 0.00006125 | test_db                                                                                              |
|       15 | 0.24189500 | SELECT DATABASE()                                                                                    |
|       16 | 0.00246025 | show databases                                                                                       |
|       17 | 0.00151600 | show tables                                                                                          |
|       18 | 0.00017125 | SELECT DATABASE()                                                                                    |
|       19 | 0.05925475 | ALTER TABLE orders ENGINE = MyISAM                                                                   |
|       20 | 0.08125500 | ALTER TABLE orders ENGINE = InnoDB                                                                   |
+----------+------------+------------------------------------------------------------------------------------------------------+
15 rows in set, 1 warning (0.00 sec)
```



## Задача 4 

```bash
root@4e338d0554ea:/etc/mysql# cat my.cnf
# Copyright (c) 2017, Oracle and/or its affiliates. All rights reserved.
#
# This program is free software; you can redistribute it and/or modify
# it under the terms of the GNU General Public License as published by
# the Free Software Foundation; version 2 of the License.
#
# This program is distributed in the hope that it will be useful,
# but WITHOUT ANY WARRANTY; without even the implied warranty of
# MERCHANTABILITY or FITNESS FOR A PARTICULAR PURPOSE.  See the
# GNU General Public License for more details.
#
# You should have received a copy of the GNU General Public License
# along with this program; if not, write to the Free Software
# Foundation, Inc., 51 Franklin St, Fifth Floor, Boston, MA  02110-1301 USA

#
# The MySQL  Server configuration file.
#
# For explanations see
# http://dev.mysql.com/doc/mysql/en/server-system-variables.html

[mysqld]
pid-file        = /var/run/mysqld/mysqld.pid
socket          = /var/run/mysqld/mysqld.sock
datadir         = /var/lib/mysql
secure-file-priv= NULL

# Custom config should go here
!includedir /etc/mysql/conf.d/

innodb_log_buffer_size = 1M
innodb_log_file_size = 100M
innodb_flush_log_at_trx_commit = 0
innodb_buffer_pool_size = 1G
innodb_file_per_table = ON
innodb_file_format = Barracuda
```

